BEGIN TRANSACTION;
DELETE FROM search_documents;
DELETE FROM ratings;
DELETE FROM tool_cards;
INSERT INTO tool_cards (id, type, name, summary, tags_json, risk_level, confidence, last_checked_at, document_json) VALUES ('skill-openai-docs', 'skill', 'OpenAI Docs Skill', 'Guides agents to use official OpenAI API and Codex documentation as primary evidence.', '["coding","research","documentation","openai"]', 'low', 'high', '2026-07-06T00:00:00Z', '{"id":"skill-openai-docs","schema_version":"tool_card.v1","name":"OpenAI Docs Skill","type":"skill","summary":"Guides agents to use official OpenAI API and Codex documentation as primary evidence.","source_urls":["https://platform.openai.com/docs","https://developers.openai.com/codex"],"docs_url":"https://platform.openai.com/docs","primary_purpose":"official_api_guidance","use_cases":["answer OpenAI API questions","choose Codex workflows","cite official docs"],"not_for":["non-OpenAI platform questions","tasks requiring private account data"],"tags":["coding","research","documentation","openai"],"supported_agents":["codex"],"install_methods":[{"method":"manual","command":"","docs_url":"https://platform.openai.com/docs","confidence":"high"}],"auth_required":"none","permissions":[],"maintenance":{"status":"active","last_release_at":"2026-07-06T00:00:00Z","issue_activity":"active","maintainer_type":"official","signals":["official_docs","updated_reference"]},"security":{"risk_level":"low","trust_level":"official","known_risks":[],"requires_human_approval":false,"security_notes":"Reads public documentation only."},"maturity":"stable","evidence_refs":["manual-review-openai-docs"],"last_checked_at":"2026-07-06T00:00:00Z","confidence":"high","created_at":"2026-07-06T00:00:00Z","updated_at":"2026-07-06T00:00:00Z","ai_decision_notes":{"when_to_use":["Use when task needs OpenAI or Codex product guidance."],"when_to_avoid":["Avoid for unrelated ecosystems."],"questions_to_ask_human":[],"safe_defaults":["Prefer official docs over third-party summaries."]}}');
INSERT INTO tool_cards (id, type, name, summary, tags_json, risk_level, confidence, last_checked_at, document_json) VALUES ('skill-test-driven-development', 'skill', 'Test Driven Development Skill', 'A workflow skill for writing a failing test before implementing features or bug fixes.', '["testing","coding","workflow"]', 'medium', 'high', '2026-07-06T00:00:00Z', '{"id":"skill-test-driven-development","schema_version":"tool_card.v1","name":"Test Driven Development Skill","type":"skill","summary":"A workflow skill for writing a failing test before implementing features or bug fixes.","source_urls":["internal://manual-review/test-driven-development"],"primary_purpose":"testing_workflow","use_cases":["add test coverage","implement bug fixes","guide coding agents through red-green-refactor"],"not_for":["throwaway prototypes without verification","pure documentation edits"],"tags":["testing","coding","workflow"],"supported_agents":["codex","claude-code"],"install_methods":[{"method":"manual","command":"","docs_url":"internal://manual-review/test-driven-development","confidence":"high"}],"auth_required":"none","permissions":[{"scope":"filesystem","access":"read_write","required":true,"notes":"Reads and writes tests and source files in the project."}],"maintenance":{"status":"active","last_release_at":"2026-07-06T00:00:00Z","issue_activity":"active","maintainer_type":"official","signals":["reviewed_skill","clear_workflow"]},"security":{"risk_level":"medium","trust_level":"well_known_org","known_risks":["filesystem_write"],"requires_human_approval":false,"security_notes":"Use within the checked-out project and review diffs before commit."},"maturity":"stable","evidence_refs":["manual-review-tdd-skill"],"last_checked_at":"2026-07-06T00:00:00Z","confidence":"high","created_at":"2026-07-06T00:00:00Z","updated_at":"2026-07-06T00:00:00Z","ai_decision_notes":{"when_to_use":["Use before implementing code changes that need regression protection."],"when_to_avoid":["Avoid when the user explicitly declines automated tests."],"questions_to_ask_human":[],"safe_defaults":["Run focused tests before broad tests.","Review file diffs before commit."]}}');
INSERT INTO tool_cards (id, type, name, summary, tags_json, risk_level, confidence, last_checked_at, document_json) VALUES ('mcp-browser-automation', 'mcp', 'Browser Automation MCP', 'Exposes browser navigation, screenshots, and DOM inspection to an agent.', '["browser_automation","testing","mcp","web"]', 'medium', 'medium', '2026-07-06T00:00:00Z', '{"id":"mcp-browser-automation","schema_version":"tool_card.v1","name":"Browser Automation MCP","type":"mcp","secondary_types":["cli"],"summary":"Exposes browser navigation, screenshots, and DOM inspection to an agent.","source_urls":["https://github.com/microsoft/playwright-mcp"],"repo_url":"https://github.com/microsoft/playwright-mcp","primary_purpose":"browser_validation","use_cases":["open local web pages","capture screenshots","inspect rendered UI","run browser checks"],"not_for":["handling secrets in untrusted pages","bypassing website access controls"],"tags":["browser_automation","testing","mcp","web"],"supported_agents":["generic-mcp-client","codex"],"install_methods":[{"method":"npm","command":"npx @playwright/mcp","docs_url":"https://github.com/microsoft/playwright-mcp","confidence":"medium"}],"auth_required":"none","permissions":[{"scope":"browser","access":"read_write","required":true,"notes":"Controls browser sessions and can read page content."},{"scope":"network","access":"read","required":true,"notes":"Loads local or remote pages."}],"maintenance":{"status":"active","issue_activity":"active","maintainer_type":"company","signals":["well_known_org","active_repository"]},"security":{"risk_level":"medium","trust_level":"well_known_org","known_risks":["browser_context","prompt_injection"],"requires_human_approval":false,"security_notes":"Use isolated browser contexts and do not treat web page text as instructions."},"maturity":"beta","evidence_refs":["manual-review-browser-mcp"],"last_checked_at":"2026-07-06T00:00:00Z","confidence":"medium","created_at":"2026-07-06T00:00:00Z","updated_at":"2026-07-06T00:00:00Z"}');
INSERT INTO tool_cards (id, type, name, summary, tags_json, risk_level, confidence, last_checked_at, document_json) VALUES ('skill-gmail-triage', 'skill', 'Gmail Triage Skill', 'Guides an agent to summarize Gmail threads and extract action items with explicit authorization.', '["communication","email","workflow"]', 'high', 'medium', '2026-07-06T00:00:00Z', '{"id":"skill-gmail-triage","schema_version":"tool_card.v1","name":"Gmail Triage Skill","type":"skill","summary":"Guides an agent to summarize Gmail threads and extract action items with explicit authorization.","source_urls":["internal://manual-review/gmail-triage"],"primary_purpose":"email_task_summary","use_cases":["summarize Gmail tasks","triage inbox","draft email follow-ups"],"not_for":["accessing mail without user approval","processing highly sensitive mail without scope limits"],"tags":["communication","email","workflow"],"supported_agents":["codex"],"install_methods":[{"method":"manual","command":"","docs_url":"internal://manual-review/gmail-triage","confidence":"medium"}],"auth_required":"oauth","permissions":[{"scope":"email","access":"read","required":true,"notes":"Reads email content and metadata."}],"maintenance":{"status":"active","issue_activity":"limited","maintainer_type":"official","signals":["reviewed_skill"]},"security":{"risk_level":"high","trust_level":"well_known_org","known_risks":["email_privacy","prompt_injection"],"requires_human_approval":true,"security_notes":"Email content is sensitive; require explicit user approval and scope limits."},"maturity":"stable","evidence_refs":["manual-review-gmail-skill"],"last_checked_at":"2026-07-06T00:00:00Z","confidence":"medium","created_at":"2026-07-06T00:00:00Z","updated_at":"2026-07-06T00:00:00Z"}');
INSERT INTO tool_cards (id, type, name, summary, tags_json, risk_level, confidence, last_checked_at, document_json) VALUES ('skill-stripe-checkout-guidance', 'skill', 'Stripe Checkout Guidance Skill', 'Guides agents through Stripe Checkout integration using official docs and test-mode defaults.', '["payment","web_app","coding","secrets"]', 'critical', 'high', '2026-07-06T00:00:00Z', '{"id":"skill-stripe-checkout-guidance","schema_version":"tool_card.v1","name":"Stripe Checkout Guidance Skill","type":"skill","summary":"Guides agents through Stripe Checkout integration using official docs and test-mode defaults.","source_urls":["https://docs.stripe.com/checkout","https://docs.stripe.com/testing"],"docs_url":"https://docs.stripe.com/checkout","primary_purpose":"payment_integration_guidance","use_cases":["integrate Stripe Checkout","plan Next.js payment work","identify payment secret risks"],"not_for":["processing live refunds autonomously","handling production payment operations without approval"],"tags":["payment","web_app","coding","secrets"],"supported_agents":["codex","generic-cli-agent"],"install_methods":[{"method":"manual","command":"","docs_url":"https://docs.stripe.com/checkout","confidence":"high"}],"auth_required":"api_key","permissions":[{"scope":"network","access":"read_write","required":true,"notes":"Uses Stripe API over the network."},{"scope":"secrets","access":"read","required":true,"notes":"Requires API keys; prefer test mode."},{"scope":"payment","access":"write","required":true,"notes":"Can affect payment flows if used with live keys."}],"maintenance":{"status":"active","issue_activity":"active","maintainer_type":"official","signals":["official_docs","test_mode_docs"]},"security":{"risk_level":"critical","trust_level":"official","known_risks":["payment","secrets"],"requires_human_approval":true,"security_notes":"Use test keys first; live payment actions require human approval."},"maturity":"stable","evidence_refs":["manual-review-stripe-docs"],"last_checked_at":"2026-07-06T00:00:00Z","confidence":"high","created_at":"2026-07-06T00:00:00Z","updated_at":"2026-07-06T00:00:00Z"}');
INSERT INTO tool_cards (id, type, name, summary, tags_json, risk_level, confidence, last_checked_at, document_json) VALUES ('agent-codex', 'agent', 'Codex', 'A coding agent that can inspect a workspace, edit files, run tests, and explain changes.', '["coding","testing","agent","workflow"]', 'high', 'high', '2026-07-06T00:00:00Z', '{"id":"agent-codex","schema_version":"tool_card.v1","name":"Codex","type":"agent","summary":"A coding agent that can inspect a workspace, edit files, run tests, and explain changes.","source_urls":["https://developers.openai.com/codex"],"docs_url":"https://developers.openai.com/codex","primary_purpose":"coding_agent","use_cases":["modify code","run test suites","prepare implementation plans","review diffs"],"not_for":["executing unapproved destructive commands","handling secrets without explicit approval"],"tags":["coding","testing","agent","workflow"],"supported_agents":["codex"],"install_methods":[{"method":"hosted","command":"","docs_url":"https://developers.openai.com/codex","confidence":"high"}],"auth_required":"account","permissions":[{"scope":"filesystem","access":"read_write","required":true,"notes":"Works in the user''s workspace."},{"scope":"shell","access":"execute","required":false,"notes":"Can run commands when permitted by policy."}],"maintenance":{"status":"active","issue_activity":"active","maintainer_type":"official","signals":["official_product","actively_maintained"]},"security":{"risk_level":"high","trust_level":"official","known_risks":["filesystem_write","shell_execution"],"requires_human_approval":true,"security_notes":"Review diffs and require approval for high-risk shell or secret access."},"maturity":"stable","evidence_refs":["manual-review-codex"],"last_checked_at":"2026-07-06T00:00:00Z","confidence":"high","created_at":"2026-07-06T00:00:00Z","updated_at":"2026-07-06T00:00:00Z"}');
INSERT INTO ratings (tool_id, overall_score, recommendation_level, risk_level, evidence_quality, document_json) VALUES ('skill-openai-docs', 87, 'recommended', 'low', 'high', '{"id":"rating:skill-openai-docs:20260706","schema_version":"rating_result.v1","tool_id":"skill-openai-docs","tool_type":"skill","rules_version":"rating_rules.v0.1-draft","overall_score":87,"recommendation_level":"recommended","risk_level":"low","dimension_scores":{"task_fit":85,"evidence_quality":95,"documentation_quality":85,"maintenance_health":90,"integration_cost":78,"security_posture":95,"community_signal":80},"explanations":[{"dimension":"task_fit","score":85,"reason":"匹配 official_api_guidance，覆盖 answer OpenAI API questions、choose Codex workflows。","evidence_refs":["manual-review-openai-docs"]},{"dimension":"security_posture","score":95,"reason":"Reads public documentation only.","evidence_refs":["manual-review-openai-docs"]},{"dimension":"evidence_quality","score":95,"reason":"整体置信度为 high，来源可信度为 official。","evidence_refs":["manual-review-openai-docs"]}],"penalties":[],"boosts":["official_source","active_maintenance","permission_boundary_documented"],"evidence_quality":"high","rated_at":"2026-07-06T00:00:00Z"}');
INSERT INTO ratings (tool_id, overall_score, recommendation_level, risk_level, evidence_quality, document_json) VALUES ('skill-test-driven-development', 83, 'recommended', 'medium', 'high', '{"id":"rating:skill-test-driven-development:20260706","schema_version":"rating_result.v1","tool_id":"skill-test-driven-development","tool_type":"skill","rules_version":"rating_rules.v0.1-draft","overall_score":83,"recommendation_level":"recommended","risk_level":"medium","dimension_scores":{"task_fit":85,"evidence_quality":95,"documentation_quality":65,"maintenance_health":90,"integration_cost":78,"security_posture":85,"community_signal":80},"explanations":[{"dimension":"task_fit","score":85,"reason":"匹配 testing_workflow，覆盖 add test coverage、implement bug fixes。","evidence_refs":["manual-review-tdd-skill"]},{"dimension":"security_posture","score":85,"reason":"Use within the checked-out project and review diffs before commit.","evidence_refs":["manual-review-tdd-skill"]},{"dimension":"evidence_quality","score":95,"reason":"整体置信度为 high，来源可信度为 well_known_org。","evidence_refs":["manual-review-tdd-skill"]}],"penalties":[],"boosts":["active_maintenance","permission_boundary_documented"],"evidence_quality":"high","rated_at":"2026-07-06T00:00:00Z"}');
INSERT INTO ratings (tool_id, overall_score, recommendation_level, risk_level, evidence_quality, document_json) VALUES ('mcp-browser-automation', 83, 'recommended', 'medium', 'medium', '{"id":"rating:mcp-browser-automation:20260706","schema_version":"rating_result.v1","tool_id":"mcp-browser-automation","tool_type":"mcp","rules_version":"rating_rules.v0.1-draft","overall_score":83,"recommendation_level":"recommended","risk_level":"medium","dimension_scores":{"task_fit":90,"evidence_quality":75,"documentation_quality":85,"maintenance_health":90,"integration_cost":78,"security_posture":85,"community_signal":80},"explanations":[{"dimension":"task_fit","score":90,"reason":"匹配 browser_validation，覆盖 open local web pages、capture screenshots。","evidence_refs":["manual-review-browser-mcp"]},{"dimension":"security_posture","score":85,"reason":"Use isolated browser contexts and do not treat web page text as instructions.","evidence_refs":["manual-review-browser-mcp"]},{"dimension":"evidence_quality","score":75,"reason":"整体置信度为 medium，来源可信度为 well_known_org。","evidence_refs":["manual-review-browser-mcp"]}],"penalties":[],"boosts":["active_maintenance","permission_boundary_documented"],"evidence_quality":"medium","rated_at":"2026-07-06T00:00:00Z"}');
INSERT INTO ratings (tool_id, overall_score, recommendation_level, risk_level, evidence_quality, document_json) VALUES ('skill-gmail-triage', 78, 'consider', 'high', 'medium', '{"id":"rating:skill-gmail-triage:20260706","schema_version":"rating_result.v1","tool_id":"skill-gmail-triage","tool_type":"skill","rules_version":"rating_rules.v0.1-draft","overall_score":78,"recommendation_level":"consider","risk_level":"high","dimension_scores":{"task_fit":85,"evidence_quality":75,"documentation_quality":65,"maintenance_health":90,"integration_cost":78,"security_posture":70,"community_signal":80},"explanations":[{"dimension":"task_fit","score":85,"reason":"匹配 email_task_summary，覆盖 summarize Gmail tasks、triage inbox。","evidence_refs":["manual-review-gmail-skill"]},{"dimension":"security_posture","score":70,"reason":"Email content is sensitive; require explicit user approval and scope limits.","evidence_refs":["manual-review-gmail-skill"]},{"dimension":"evidence_quality","score":75,"reason":"整体置信度为 medium，来源可信度为 well_known_org。","evidence_refs":["manual-review-gmail-skill"]}],"penalties":[],"boosts":["active_maintenance","permission_boundary_documented"],"evidence_quality":"medium","rated_at":"2026-07-06T00:00:00Z"}');
INSERT INTO ratings (tool_id, overall_score, recommendation_level, risk_level, evidence_quality, document_json) VALUES ('skill-stripe-checkout-guidance', 80, 'situational', 'critical', 'high', '{"id":"rating:skill-stripe-checkout-guidance:20260706","schema_version":"rating_result.v1","tool_id":"skill-stripe-checkout-guidance","tool_type":"skill","rules_version":"rating_rules.v0.1-draft","overall_score":80,"recommendation_level":"situational","risk_level":"critical","dimension_scores":{"task_fit":85,"evidence_quality":95,"documentation_quality":85,"maintenance_health":90,"integration_cost":78,"security_posture":50,"community_signal":80},"explanations":[{"dimension":"task_fit","score":85,"reason":"匹配 payment_integration_guidance，覆盖 integrate Stripe Checkout、plan Next.js payment work。","evidence_refs":["manual-review-stripe-docs"]},{"dimension":"security_posture","score":50,"reason":"Use test keys first; live payment actions require human approval.","evidence_refs":["manual-review-stripe-docs"]},{"dimension":"evidence_quality","score":95,"reason":"整体置信度为 high，来源可信度为 official。","evidence_refs":["manual-review-stripe-docs"]}],"penalties":[],"boosts":["official_source","active_maintenance","permission_boundary_documented"],"evidence_quality":"high","rated_at":"2026-07-06T00:00:00Z"}');
INSERT INTO ratings (tool_id, overall_score, recommendation_level, risk_level, evidence_quality, document_json) VALUES ('agent-codex', 84, 'consider', 'high', 'high', '{"id":"rating:agent-codex:20260706","schema_version":"rating_result.v1","tool_id":"agent-codex","tool_type":"agent","rules_version":"rating_rules.v0.1-draft","overall_score":84,"recommendation_level":"consider","risk_level":"high","dimension_scores":{"task_fit":90,"evidence_quality":95,"documentation_quality":85,"maintenance_health":90,"integration_cost":78,"security_posture":70,"community_signal":80},"explanations":[{"dimension":"task_fit","score":90,"reason":"匹配 coding_agent，覆盖 modify code、run test suites。","evidence_refs":["manual-review-codex"]},{"dimension":"security_posture","score":70,"reason":"Review diffs and require approval for high-risk shell or secret access.","evidence_refs":["manual-review-codex"]},{"dimension":"evidence_quality","score":95,"reason":"整体置信度为 high，来源可信度为 official。","evidence_refs":["manual-review-codex"]}],"penalties":[],"boosts":["official_source","active_maintenance","permission_boundary_documented"],"evidence_quality":"high","rated_at":"2026-07-06T00:00:00Z"}');
INSERT INTO search_documents (tool_id, type, tags_json, risk_level, confidence, rating_overall, search_text) VALUES ('skill-openai-docs', 'skill', '["coding","research","documentation","openai"]', 'low', 'high', 87, 'openai docs skill guides agents to use official openai api and codex documentation as primary evidence. official_api_guidance answer openai api questions choose codex workflows cite official docs non-openai platform questions tasks requiring private account data coding research documentation openai codex');
INSERT INTO search_documents (tool_id, type, tags_json, risk_level, confidence, rating_overall, search_text) VALUES ('skill-test-driven-development', 'skill', '["testing","coding","workflow"]', 'medium', 'high', 83, 'test driven development skill a workflow skill for writing a failing test before implementing features or bug fixes. testing_workflow add test coverage implement bug fixes guide coding agents through red-green-refactor throwaway prototypes without verification pure documentation edits testing coding workflow codex claude-code');
INSERT INTO search_documents (tool_id, type, tags_json, risk_level, confidence, rating_overall, search_text) VALUES ('mcp-browser-automation', 'mcp', '["browser_automation","testing","mcp","web"]', 'medium', 'medium', 83, 'browser automation mcp exposes browser navigation, screenshots, and dom inspection to an agent. browser_validation open local web pages capture screenshots inspect rendered ui run browser checks handling secrets in untrusted pages bypassing website access controls browser_automation testing mcp web generic-mcp-client codex');
INSERT INTO search_documents (tool_id, type, tags_json, risk_level, confidence, rating_overall, search_text) VALUES ('skill-gmail-triage', 'skill', '["communication","email","workflow"]', 'high', 'medium', 78, 'gmail triage skill guides an agent to summarize gmail threads and extract action items with explicit authorization. email_task_summary summarize gmail tasks triage inbox draft email follow-ups accessing mail without user approval processing highly sensitive mail without scope limits communication email workflow codex');
INSERT INTO search_documents (tool_id, type, tags_json, risk_level, confidence, rating_overall, search_text) VALUES ('skill-stripe-checkout-guidance', 'skill', '["payment","web_app","coding","secrets"]', 'critical', 'high', 80, 'stripe checkout guidance skill guides agents through stripe checkout integration using official docs and test-mode defaults. payment_integration_guidance integrate stripe checkout plan next.js payment work identify payment secret risks processing live refunds autonomously handling production payment operations without approval payment web_app coding secrets codex generic-cli-agent');
INSERT INTO search_documents (tool_id, type, tags_json, risk_level, confidence, rating_overall, search_text) VALUES ('agent-codex', 'agent', '["coding","testing","agent","workflow"]', 'high', 'high', 84, 'codex a coding agent that can inspect a workspace, edit files, run tests, and explain changes. coding_agent modify code run test suites prepare implementation plans review diffs executing unapproved destructive commands handling secrets without explicit approval coding testing agent workflow codex');
COMMIT;
